방문지역_시군구,tour_cluster
강원 강릉시,레포츠_상
강원 고성군,자연_상
강원 동해시,자연_중
강원 삼척시,자연_상
강원 속초시,자연_상
강원 양구군,역사_하
강원 양양군,자연_상
강원 영월군,레포츠_중
강원 원주시,레포츠_중
강원 인제군,레포츠_중
강원 정선군,레포츠_상
강원 철원군,레포츠_하
강원 춘천시,레포츠_상
강원 태백시,역사_하
강원 평창군,레포츠_상
강원 홍천군,레포츠_상
강원 화천군,레포츠_하
강원 횡성군,레포츠_중
경기 가평군,레포츠_상
경기 고양시,문화쇼핑휴양_상
경기 과천시,문화쇼핑휴양_하
경기 광명시,문화쇼핑휴양_중
경기 광주시,레포츠_중
경기 구리시,문화쇼핑휴양_중
경기 군포시,레포츠_하
경기 김포시,레포츠_중
경기 남양주시,레포츠_중
경기 동두천시,레포츠_하
경기 부천시,문화쇼핑휴양_중
경기 성남시,문화쇼핑휴양_상
경기 수원시,문화쇼핑휴양_상
경기 시흥시,레포츠_중
경기 안산시,레포츠_중
경기 안성시,레포츠_중
경기 안양시,문화쇼핑휴양_중
경기 양주시,레포츠_중
경기 양평군,레포츠_중
경기 여주시,레포츠_중
경기 연천군,레포츠_하
경기 오산시,레포츠_중
경기 용인시,레포츠_상
경기 의왕시,레포츠_하
경기 의정부시,역사_중
경기 이천시,레포츠_중
경기 파주시,레포츠_중
경기 평택시,문화쇼핑휴양_중
경기 포천시,레포츠_중
경기 하남시,문화쇼핑휴양_중
경기 화성시,레포츠_상
경남 거제시,자연_상
경남 거창군,역사_하
경남 고성군,레포츠_하
경남 김해시,역사_중
경남 남해군,자연_중
경남 밀양시,레포츠_하
경남 사천시,자연_중
경남 산청군,레포츠_하
경남 양산시,레포츠_중
경남 의령군,역사_하
경남 진주시,역사_중
경남 창녕군,역사_중
경남 창원시,자연_상
경남 통영시,자연_중
경남 하동군,레포츠_하
경남 함안군,역사_하
경남 함양군,레포츠_하
경남 합천군,레포츠_하
경북 경산시,역사_중
경북 경주시,역사_상
경북 고령군,레포츠_하
경북 구미시,레포츠_중
경북 군위군,역사_하
경북 김천시,레포츠_중
경북 문경시,레포츠_중
경북 봉화군,레포츠_하
경북 상주시,역사_하
경북 성주군,역사_하
경북 안동시,역사_중
경북 영덕군,자연_중
경북 영양군,자연_하
경북 영주시,역사_중
경북 영천시,역사_하
경북 예천군,역사_하
경북 울릉군,자연_하
경북 울진군,자연_중
경북 의성군,역사_하
경북 청도군,레포츠_하
경북 청송군,역사_하
경북 칠곡군,레포츠_하
경북 포항시,레포츠_상
광주 광산구,역사_중
광주 남구,역사_하
광주 동구,문화쇼핑휴양_중
광주 북구,자연_중
광주 서구,문화쇼핑휴양_중
대구 남구,문화쇼핑휴양_하
대구 달서구,문화쇼핑휴양_중
대구 달성군,역사_중
대구 동구,역사_중
대구 북구,문화쇼핑휴양_중
대구 서구,문화쇼핑휴양_하
대구 수성구,문화쇼핑휴양_중
대구 중구,문화쇼핑휴양_중
대전 대덕구,역사_중
대전 동구,문화쇼핑휴양_중
대전 서구,문화쇼핑휴양_중
대전 유성구,문화쇼핑휴양_상
대전 중구,문화쇼핑휴양_중
부산 강서구,자연_중
부산 금정구,문화쇼핑휴양_하
부산 기장군,자연_상
부산 남구,문화쇼핑휴양_중
부산 동구,역사_중
부산 동래구,문화쇼핑휴양_중
부산 부산진구,문화쇼핑휴양_중
부산 사상구,문화쇼핑휴양_하
부산 사하구,자연_하
부산 서구,문화쇼핑휴양_중
부산 수영구,문화쇼핑휴양_중
부산 연제구,문화쇼핑휴양_하
부산 영도구,문화쇼핑휴양_하
부산 중구,문화쇼핑휴양_중
부산 해운대구,문화쇼핑휴양_상
서울 강남구,문화쇼핑휴양_상
서울 강동구,문화쇼핑휴양_중
서울 강북구,문화쇼핑휴양_중
서울 강서구,문화쇼핑휴양_상
서울 관악구,문화쇼핑휴양_중
서울 광진구,문화쇼핑휴양_상
서울 구로구,문화쇼핑휴양_중
서울 금천구,문화쇼핑휴양_중
서울 노원구,레포츠_중
서울 도봉구,문화쇼핑휴양_하
서울 동대문구,문화쇼핑휴양_중
서울 동작구,문화쇼핑휴양_중
서울 마포구,문화쇼핑휴양_상
서울 서대문구,문화쇼핑휴양_중
서울 서초구,문화쇼핑휴양_상
서울 성동구,문화쇼핑휴양_중
서울 성북구,역사_중
서울 송파구,문화쇼핑휴양_상
서울 양천구,문화쇼핑휴양_하
서울 영등포구,문화쇼핑휴양_상
서울 용산구,문화쇼핑휴양_상
서울 은평구,문화쇼핑휴양_중
서울 종로구,문화쇼핑휴양_상
서울 중구,문화쇼핑휴양_상
서울 중랑구,문화쇼핑휴양_중
세종 .,문화쇼핑휴양_중
울산 남구,문화쇼핑휴양_중
울산 동구,자연_중
울산 북구,역사_중
울산 울주군,자연_중
울산 중구,역사_하
인천 강화군,레포츠_중
인천 계양구,문화쇼핑휴양_중
인천 남동구,문화쇼핑휴양_중
인천 동구,문화쇼핑휴양_하
인천 미추홀구,문화쇼핑휴양_중
인천 부평구,문화쇼핑휴양_중
인천 서구,문화쇼핑휴양_중
인천 연수구,문화쇼핑휴양_상
인천 옹진군,자연_하
인천 중구,자연_상
전남 강진군,역사_하
전남 고흥군,자연_하
전남 곡성군,레포츠_하
전남 광양시,자연_중
전남 구례군,레포츠_하
전남 나주시,역사_중
전남 담양군,레포츠_중
전남 목포시,문화쇼핑휴양_중
전남 무안군,자연_하
전남 보성군,역사_하
전남 순천시,역사_중
전남 신안군,자연_하
전남 여수시,자연_상
전남 영광군,자연_하
전남 영암군,역사_하
전남 완도군,자연_하
전남 장성군,레포츠_하
전남 장흥군,자연_하
전남 진도군,자연_중
전남 함평군,역사_하
전남 해남군,역사_하
전남 화순군,역사_중
전북 고창군,역사_하
전북 군산시,자연_중
전북 김제시,역사_하
전북 남원시,역사_중
전북 무주군,레포츠_중
전북 부안군,자연_중
전북 순창군,역사_하
전북 완주군,자연_중
전북 익산시,역사_중
전북 임실군,역사_하
전북 장수군,역사_하
전북 전주시,문화쇼핑휴양_상
전북 정읍시,역사_하
전북 진안군,자연_하
제주 서귀포시,자연_상
제주 제주시,자연_상
충남 계룡시,역사_하
충남 공주시,역사_중
충남 금산군,역사_하
충남 논산시,역사_중
충남 당진시,자연_중
충남 보령시,자연_상
충남 부여군,역사_중
충남 서산시,역사_중
충남 서천군,자연_하
충남 아산시,레포츠_중
충남 예산군,역사_중
충남 천안시,레포츠_상
충남 청양군,자연_하
충남 태안군,자연_중
충남 홍성군,역사_중
충북 괴산군,역사_하
충북 단양군,레포츠_중
충북 보은군,레포츠_하
충북 영동군,역사_하
충북 옥천군,역사_하
충북 음성군,레포츠_중
충북 제천시,레포츠_중
충북 증평군,레포츠_하
충북 진천군,역사_중
충북 청주시,역사_상
충북 충주시,역사_중
